review_id,rating,review_date
LV.4 김토성,100,15시간 전
LV.5 아젤리아크림,100,1일 전
LV.3 뉴비_2e262e2cccb7,100,1일 전
LV.5 뉴비_1f72d41a,100,1일 전
LV.6 김레온씨,100,1일 전
LV.6 정종대,100,2일 전
LV.5 뉴비_2ae508661680,100,2일 전
LV.3 뉴비_12411ef784e9,100,2일 전
LV.6 나나느타닌,100,2일 전
LV.5 박귵,100,2일 전
LV.5 뉴비_41f3fb6a,100,3일 전
LV.3 아가나봐다,100,3일 전
LV.6 keva,100,4일 전
LV.4 뉴비_ce541b500368,100,4일 전
LV.5 룰루루룰룽,100,4일 전
LV.5 Goreo,80,4일 전
LV.4 미소친절,100,4일 전
LV.5 daeye0p,100,4일 전
LV.5 명키매직,100,5일 전
LV.5 명키매직,100,5일 전
LV.5 명키매직,100,5일 전
LV.4 아구고,80,5일 전
LV.6 Benice_,100,5일 전
LV.4 성공다짐,100,6일 전
LV.6 cwc0807,100,7일 전
LV.6 juneong2,100,7일 전
LV.6 누나내한해,100,7일 전
LV.5 돼지3끼,100,7일 전
LV.4 뉴비_c274857176ce,100,8일 전
LV.3 김영호다다,100,9일 전
LV.6 동굼찜닭,100,9일 전
LV.3 쏘주님214,100,10일 전
LV.3 쏘주님214,100,10일 전
LV.5 울산 서동욱,100,10일 전
LV.3 뉴비_5dc7869f632e,100,11일 전
LV.5 뉴비_0c7f662decf7,100,11일 전
LV.5 HeavenDom,100,11일 전
LV.5 실버_df2fb0014099,100,11일 전
LV.5 ㅎㅇㄹ ㅎㅇ,100,11일 전
LV.4 wnstjr0112,100,13일 전
LV.5 뉴비_df37f1bb,100,17일 전
LV.3 쭈니짱v,100,18일 전
LV.4 행습이짱,100,19일 전
LV.5 보조바퀴,100,19일 전
LV.6 저엉섭,100,20일 전
LV.5 문띵준,100,21일 전
LV.7 에레레벱,100,21일 전
LV.7 kisjdg,100,21일 전
LV.7 kisjdg,100,21일 전
LV.6 Parksez,100,21일 전
LV.5 뉴비_df37f1bb,100,17일 전
LV.3 쭈니짱v,100,18일 전
LV.4 행습이짱,100,19일 전
LV.5 보조바퀴,100,19일 전
LV.6 저엉섭,100,20일 전
LV.5 문띵준,100,21일 전
LV.7 에레레벱,100,21일 전
LV.7 kisjdg,100,21일 전
LV.7 kisjdg,100,21일 전
LV.6 Parksez,100,21일 전
LV.6 Parksez,100,21일 전
LV.4 이쁜옷다사자,100,22일 전
LV.4 이쁜옷다사자,100,22일 전
LV.5 Goreo,80,23일 전
LV.6 귀켈메,100,23일 전
LV.6 귀켈메,100,23일 전
LV.6 귀켈메,100,23일 전
LV.5 msinsin,100,23일 전
LV.6 bumeda,100,24일 전
LV.6 bumeda,100,24일 전
LV.4 애덤브로ㄷl,100,25일 전
LV.3 뉴비_67e8e834bb60,100,25일 전
LV.5 뽀댕이,100,25일 전
LV.4 o1o2qq,100,25일 전
LV.3 타이쓰,100,25일 전
LV.3 타이쓰,100,25일 전
LV.5 2월10일,100,25일 전
LV.6 쀠뿨,100,25일 전
LV.4 그건 제 잔상입니다만?,100,26일 전
LV.4 그건 제 잔상입니다만?,100,26일 전
LV.5 광득이1128,100,26일 전
LV.3 탁착쓱,100,26일 전
LV.3 RARALA,100,26일 전
LV.6 브론즈_79b65bfec6c,80,26일 전
LV.6 실버_b568346580b9,100,27일 전
LV.6 실버_b568346580b9,100,27일 전
LV.5 Odleff,100,27일 전
LV.5 Odleff,100,27일 전
LV.3 로스차일드박,100,28일 전
LV.3 로스차일드박,100,28일 전
