Item,평점
HOFE 니트 후드 후드집업 티 그레이,88.0
[2-PACK] (하프집업 + 크루넥 선택) 코튼 워셔블 하찌 니트,96.4
HERITAGE DAN CABLE KNIT HOODIE ZIP-UP IVORY,100.0
2WAY 헤비웨이트 케이블 니트 후드 집업_오트밀,96.28571428571429
컬러 블록 래글런 니트_버건디_KN124,98.0
[2컬러] 스트라이프 언발란스 오프숄더 스웨터,94.0
데일리 라운드 니트 - 8 COLOR,98.27272727272727
WOMENS HERITAGE DAN CABLE KNIT HOODIE ZIP-UP IVORY,100.0
카라 케이블 니트 집업 블랙,99.0
UB 베이직 니트 후드 집업_그레이_KN122,100.0
THUNDER  브러쉬드 니트 - 핑크,98.0
Chain Zip Up Polo Brown,100.0
[리뉴얼] 하찌 카라 투웨이 집업 니트 - 4 COLOR,97.76
코튼 워셔블 하찌 벌키 크루넥 니트,97.25
플로잉 리본 니트 네이비,90.0
크롭 홀터넥 레이어드 니트 (BEIGE),100.0
SOME 그래픽 오버핏 풀오버  니트 티셔츠[네이비],98.0
이태리 코튼 니트_오트밀,80.0
T.G.I.F 자카드 니트(LIGHT GREY),97.0
[3pack] 23FW 어텀 스퀘어넥 니트,100.0
웨이브 로고 니트 후드 - 카키,97.5
코튼 블렌디드 슬로건 니트(LIGHT GREY),92.0
353907 여 14GG 케이블 폴로넥 스웨터_5color,95.0
SIDE TIE KNIT VEST (WARM GRAY),100.0
메탈 슬리브리스-스카이블루,96.66666666666667
크롭 헤어리 라운드 니트_핑크,96.57142857142857
Bulky Zip-Up Knit + 4Colors,100.0
[5404] 로고 자수 니트 집업 (아이보리),96.0
CROPPED HAIRY KNIT - GRASS GREEN,96.0
헤비웨이트 키홀 케이블 하프 집업 니트 스카이블루 COOSKT042SKYBLUE,100.0
