상품명,할인전 가격,할인후 가격,할인율(%)
[ONLYOUTLET]시그니처라운드니트(10COLOR),65900,19400,71
소프트필링세미오버라운드니트초코브라운,59000,33000,45
3/28배송BRANCHLOGOKNIT-KHAKI,79000,55300,30
오버핏하찌니트-8COLOR[ONEORTWO],129500,19800,85
꽈배기후드반집업니트_Gray,139900,39900,72
워셔블아란케이블후드집업니트(CHARCOAL),69000,57150,18
[2-PACK](하프집업+크루넥선택)코튼워셔블하찌니트,128000,43500,67
[ONLYOUTLET]ONLYONE하찌니트(9COLOR),49900,19900,61
3/28배송BRANCHLOGOKNIT-BLACK,79000,55300,30
3/29배송[리뉴얼]하찌카라투웨이집업니트-4COLOR,79000,49900,37
데일리라운드니트-8COLOR,59000,35900,40
4/2배송THUNDER브러쉬드니트-핑크,74000,66000,11
UB베이직니트후드집업_그레이_KN122,69000,41900,40
3/25배송2WAY헤비웨이트케이블니트후드집업_오트밀,66000,49900,25
HERITAGEDANCABLEKNITHOODIEZIP-UPIVORY,79000,55300,30
코튼블렌디드슬로건니트(LIGHTGREY),69000,0,0
소프트터치케이블니트[5color],58000,29000,50
T.G.I.F자카드니트(LIGHTGREY),73000,0,0
소프트니트(U23DTNT161),69000,16900,76
컬러블록래글런니트_버건디_KN124,59000,49000,17
카라케이블니트집업블랙,74800,59800,21
소프트필링세미오버라운드니트블랙,59000,33000,45
베이직카라니트집업-네이비,79000,39500,50
울블렌드하프집업니트스웨터(M.GREY),84000,50400,40
[2PACK]릴렉스핏하프집업니트,152500,39800,74
3/26배송TravelerOversizedSweater(TEALGREEN),89000,62300,30
3/18배송워셔블헤어리브러쉬트랙집업니트(CHARCOAL),55000,39800,28
CROPPEDHAIRYKNIT-GRASSGREEN,109000,79570,27
3/22배송헤비웨이트키홀케이블하프집업니트스카이블루COOSKT042SKYBLUE,149000,89800,40
UB베이직니트후드집업_블랙_KN123,69000,29000,58
